id;search_date;request;date;day
1;2023-07-13T14:27:02;Marcadet Frozen Lanka;withdrawal;Automotive Consultant
2;2023-07-13T08:14:32;Bretagne a robust;Concrete mobile parse;Licensed plug-and-play Birmanie
3;2023-07-13T17:04:35;invoice USB green;Mouffetard;deposit
4;2023-07-13T00:32:21;a discrete Upgradable;microchip compress Tasty;Avon Loan d'Assas
5;2023-07-13T12:56:02;teal solution-oriented;THX sky AGP;Rubber
6;2023-07-12T23:01:07;Up-sized Stagiaire Haute-Normandie;Refined l'Abbaye Plastic;Avon Rustic
7;2023-07-13T15:25:14;enterprise;Soft Frozen Checking;Outdoors Shirt methodologies
8;2023-07-13T00:53:47;enterprise grey Practical;Automotive;quantify
9;2023-07-13T19:44:11;methodologies Shoes;Concrete bus Pants;Account Hat tangible
10;2023-07-13T04:27:00;SSL;bluetooth navigating;c c
